case,round-1,round-2
desktop-layout,PASS,PASS
long-content-no-overlap,PASS,PASS
fixed-revision-and-pagination,PASS,PASS
task-topic-navigation,PASS,PASS
keyboard-and-narrow-layout,PASS,PASS
empty-loading-error-retry,PASS,PASS
stale-response-suppressed,PASS,PASS
observer-regression,PASS,PASS
full-regression,PASS,PASS
premium-static-audit,PASS,PASS
concise-topic-title-contract,PASS,PASS
ai-historical-title-migration,PASS,PASS
topic-list-no-status-version,,PASS
summary-separated-from-title,,PASS
referenced-messages-collapsed,,PASS
