"case_id","round_1","round_2","round_3","round_4","round_6","round_7","round_8","round_9","round_10","round_11","round_12","round_13","round_14","round_15","round_16","round_17","round-18","round-19","round-22","round-23","round-24","round-25","round-26","round-29","round-30","round-31","round-32","round-33","round-34","round-35","round-36","round-37","round-38","round-39","round-40","round-41","round-42","round-43","round-44","round-45"
"C01","PASS","PASS","PASS","PASS","NOT_RUN","NOT_RUN","NOT_RUN","NOT_RUN","NOT_RUN","NOT_RUN","NOT_RUN","NOT_RUN","NOT_RUN","NOT_RUN","NOT_RUN","NOT_RUN","NOT_RUN","NOT_RUN","NOT_RUN","NOT_RUN","NOT_RUN","NOT_RUN","NOT_RUN","NOT_RUN","NOT_RUN","NOT_RUN","NOT_RUN","NOT_RUN","NOT_RUN","NOT_RUN","NOT_RUN","NOT_RUN","NOT_RUN","NOT_RUN","NOT_RUN","NOT_RUN","NOT_RUN","NOT_RUN","NOT_RUN","NOT_RUN"
"C02","NOT_RUN","PASS","PASS","PASS","NOT_RUN","NOT_RUN","NOT_RUN","NOT_RUN","NOT_RUN","NOT_RUN","NOT_RUN","NOT_RUN","NOT_RUN","NOT_RUN","NOT_RUN","NOT_RUN","NOT_RUN","NOT_RUN","NOT_RUN","NOT_RUN","NOT_RUN","NOT_RUN","NOT_RUN","NOT_RUN","NOT_RUN","NOT_RUN","NOT_RUN","NOT_RUN","NOT_RUN","NOT_RUN","NOT_RUN","NOT_RUN","NOT_RUN","NOT_RUN","NOT_RUN","NOT_RUN","NOT_RUN","NOT_RUN","NOT_RUN","NOT_RUN"
"C03","FAIL","PASS","PASS","PASS","NOT_RUN","NOT_RUN","NOT_RUN","NOT_RUN","NOT_RUN","NOT_RUN","NOT_RUN","NOT_RUN","NOT_RUN","NOT_RUN","NOT_RUN","NOT_RUN","NOT_RUN","NOT_RUN","NOT_RUN","NOT_RUN","NOT_RUN","NOT_RUN","NOT_RUN","NOT_RUN","NOT_RUN","NOT_RUN","NOT_RUN","NOT_RUN","NOT_RUN","NOT_RUN","NOT_RUN","NOT_RUN","NOT_RUN","NOT_RUN","NOT_RUN","NOT_RUN","NOT_RUN","NOT_RUN","NOT_RUN","NOT_RUN"
"C04","FAIL","PASS","PASS","PASS","NOT_RUN","NOT_RUN","NOT_RUN","NOT_RUN","NOT_RUN","NOT_RUN","NOT_RUN","NOT_RUN","NOT_RUN","NOT_RUN","NOT_RUN","NOT_RUN","NOT_RUN","NOT_RUN","NOT_RUN","NOT_RUN","NOT_RUN","NOT_RUN","NOT_RUN","NOT_RUN","NOT_RUN","NOT_RUN","NOT_RUN","NOT_RUN","NOT_RUN","NOT_RUN","NOT_RUN","NOT_RUN","NOT_RUN","NOT_RUN","NOT_RUN","NOT_RUN","NOT_RUN","NOT_RUN","NOT_RUN","NOT_RUN"
"C05","NOT_RUN","FAIL","PASS","PASS","NOT_RUN","NOT_RUN","NOT_RUN","NOT_RUN","NOT_RUN","NOT_RUN","NOT_RUN","NOT_RUN","NOT_RUN","NOT_RUN","NOT_RUN","NOT_RUN","NOT_RUN","NOT_RUN","NOT_RUN","NOT_RUN","NOT_RUN","NOT_RUN","NOT_RUN","NOT_RUN","NOT_RUN","NOT_RUN","NOT_RUN","NOT_RUN","NOT_RUN","NOT_RUN","NOT_RUN","NOT_RUN","NOT_RUN","NOT_RUN","NOT_RUN","NOT_RUN","NOT_RUN","NOT_RUN","NOT_RUN","NOT_RUN"
"C06","NOT_RUN","PASS","PASS","PASS","NOT_RUN","NOT_RUN","NOT_RUN","NOT_RUN","NOT_RUN","NOT_RUN","NOT_RUN","NOT_RUN","NOT_RUN","NOT_RUN","NOT_RUN","NOT_RUN","NOT_RUN","NOT_RUN","NOT_RUN","NOT_RUN","NOT_RUN","NOT_RUN","NOT_RUN","NOT_RUN","NOT_RUN","NOT_RUN","NOT_RUN","NOT_RUN","NOT_RUN","NOT_RUN","NOT_RUN","NOT_RUN","NOT_RUN","NOT_RUN","NOT_RUN","NOT_RUN","NOT_RUN","NOT_RUN","NOT_RUN","NOT_RUN"
"C07","NOT_RUN","PASS","PASS","PASS","NOT_RUN","NOT_RUN","NOT_RUN","NOT_RUN","NOT_RUN","NOT_RUN","NOT_RUN","NOT_RUN","NOT_RUN","NOT_RUN","NOT_RUN","NOT_RUN","NOT_RUN","NOT_RUN","NOT_RUN","NOT_RUN","NOT_RUN","NOT_RUN","NOT_RUN","NOT_RUN","NOT_RUN","NOT_RUN","NOT_RUN","NOT_RUN","NOT_RUN","NOT_RUN","NOT_RUN","NOT_RUN","NOT_RUN","NOT_RUN","NOT_RUN","NOT_RUN","NOT_RUN","NOT_RUN","NOT_RUN","NOT_RUN"
"C08","PASS","PASS","PASS","PASS","NOT_RUN","NOT_RUN","NOT_RUN","NOT_RUN","NOT_RUN","NOT_RUN","NOT_RUN","NOT_RUN","NOT_RUN","NOT_RUN","NOT_RUN","NOT_RUN","NOT_RUN","NOT_RUN","NOT_RUN","NOT_RUN","NOT_RUN","NOT_RUN","NOT_RUN","NOT_RUN","NOT_RUN","NOT_RUN","NOT_RUN","NOT_RUN","NOT_RUN","NOT_RUN","NOT_RUN","NOT_RUN","NOT_RUN","NOT_RUN","NOT_RUN","NOT_RUN","NOT_RUN","NOT_RUN","NOT_RUN","NOT_RUN"
"C09","NOT_RUN","PASS","PASS","PASS","NOT_RUN","NOT_RUN","NOT_RUN","NOT_RUN","NOT_RUN","NOT_RUN","NOT_RUN","NOT_RUN","NOT_RUN","NOT_RUN","NOT_RUN","NOT_RUN","NOT_RUN","NOT_RUN","NOT_RUN","NOT_RUN","NOT_RUN","NOT_RUN","NOT_RUN","NOT_RUN","NOT_RUN","NOT_RUN","NOT_RUN","NOT_RUN","NOT_RUN","NOT_RUN","NOT_RUN","NOT_RUN","NOT_RUN","NOT_RUN","NOT_RUN","NOT_RUN","NOT_RUN","NOT_RUN","NOT_RUN","NOT_RUN"
"C10","PASS","PASS","PASS","PASS","NOT_RUN","NOT_RUN","NOT_RUN","NOT_RUN","NOT_RUN","NOT_RUN","NOT_RUN","NOT_RUN","NOT_RUN","NOT_RUN","NOT_RUN","NOT_RUN","NOT_RUN","NOT_RUN","NOT_RUN","NOT_RUN","NOT_RUN","NOT_RUN","NOT_RUN","NOT_RUN","NOT_RUN","NOT_RUN","NOT_RUN","NOT_RUN","NOT_RUN","NOT_RUN","NOT_RUN","NOT_RUN","NOT_RUN","NOT_RUN","NOT_RUN","NOT_RUN","NOT_RUN","NOT_RUN","NOT_RUN","NOT_RUN"
"C11","PASS","PASS","PASS","PASS","NOT_RUN","NOT_RUN","NOT_RUN","NOT_RUN","NOT_RUN","NOT_RUN","NOT_RUN","NOT_RUN","NOT_RUN","NOT_RUN","NOT_RUN","NOT_RUN","NOT_RUN","NOT_RUN","NOT_RUN","NOT_RUN","NOT_RUN","NOT_RUN","NOT_RUN","NOT_RUN","NOT_RUN","NOT_RUN","NOT_RUN","NOT_RUN","NOT_RUN","NOT_RUN","NOT_RUN","NOT_RUN","NOT_RUN","NOT_RUN","NOT_RUN","NOT_RUN","NOT_RUN","NOT_RUN","NOT_RUN","NOT_RUN"
"C12","FAIL","PASS","PASS","PASS","NOT_RUN","NOT_RUN","NOT_RUN","NOT_RUN","NOT_RUN","NOT_RUN","NOT_RUN","NOT_RUN","NOT_RUN","NOT_RUN","NOT_RUN","NOT_RUN","NOT_RUN","NOT_RUN","NOT_RUN","NOT_RUN","NOT_RUN","NOT_RUN","NOT_RUN","NOT_RUN","NOT_RUN","NOT_RUN","NOT_RUN","NOT_RUN","NOT_RUN","NOT_RUN","NOT_RUN","NOT_RUN","NOT_RUN","NOT_RUN","NOT_RUN","NOT_RUN","NOT_RUN","NOT_RUN","NOT_RUN","NOT_RUN"
"C13","PASS","PASS","PASS","PASS","NOT_RUN","NOT_RUN","NOT_RUN","NOT_RUN","NOT_RUN","NOT_RUN","NOT_RUN","NOT_RUN","NOT_RUN","NOT_RUN","NOT_RUN","NOT_RUN","NOT_RUN","NOT_RUN","NOT_RUN","NOT_RUN","NOT_RUN","NOT_RUN","NOT_RUN","NOT_RUN","NOT_RUN","NOT_RUN","NOT_RUN","NOT_RUN","NOT_RUN","NOT_RUN","NOT_RUN","NOT_RUN","NOT_RUN","NOT_RUN","NOT_RUN","NOT_RUN","NOT_RUN","NOT_RUN","NOT_RUN","NOT_RUN"
"C14","PASS","PASS","PASS","PASS","NOT_RUN","NOT_RUN","NOT_RUN","NOT_RUN","NOT_RUN","NOT_RUN","NOT_RUN","NOT_RUN","NOT_RUN","NOT_RUN","NOT_RUN","NOT_RUN","NOT_RUN","NOT_RUN","NOT_RUN","NOT_RUN","NOT_RUN","NOT_RUN","NOT_RUN","NOT_RUN","NOT_RUN","NOT_RUN","NOT_RUN","NOT_RUN","NOT_RUN","NOT_RUN","NOT_RUN","NOT_RUN","NOT_RUN","NOT_RUN","NOT_RUN","NOT_RUN","NOT_RUN","NOT_RUN","NOT_RUN","NOT_RUN"
"C15","NOT_RUN","PASS","PASS","PASS","NOT_RUN","NOT_RUN","NOT_RUN","NOT_RUN","NOT_RUN","NOT_RUN","NOT_RUN","NOT_RUN","NOT_RUN","NOT_RUN","NOT_RUN","NOT_RUN","NOT_RUN","NOT_RUN","NOT_RUN","NOT_RUN","NOT_RUN","NOT_RUN","NOT_RUN","NOT_RUN","NOT_RUN","NOT_RUN","NOT_RUN","NOT_RUN","NOT_RUN","NOT_RUN","NOT_RUN","NOT_RUN","NOT_RUN","NOT_RUN","NOT_RUN","NOT_RUN","NOT_RUN","NOT_RUN","NOT_RUN","NOT_RUN"
"C16","NOT_RUN","PASS","FAIL","PASS","NOT_RUN","NOT_RUN","NOT_RUN","NOT_RUN","NOT_RUN","NOT_RUN","NOT_RUN","NOT_RUN","NOT_RUN","NOT_RUN","NOT_RUN","NOT_RUN","NOT_RUN","NOT_RUN","NOT_RUN","NOT_RUN","NOT_RUN","NOT_RUN","NOT_RUN","NOT_RUN","NOT_RUN","NOT_RUN","NOT_RUN","NOT_RUN","NOT_RUN","NOT_RUN","NOT_RUN","NOT_RUN","NOT_RUN","NOT_RUN","NOT_RUN","NOT_RUN","NOT_RUN","NOT_RUN","NOT_RUN","NOT_RUN"
"C17","NOT_RUN","NOT_RUN","NOT_RUN","NOT_RUN","FAIL","FAIL","FAIL","PASS","PASS","PASS","PASS","NOT_RUN","NOT_RUN","NOT_RUN","NOT_RUN","NOT_RUN","NOT_RUN","NOT_RUN","NOT_RUN","NOT_RUN","NOT_RUN","NOT_RUN","NOT_RUN","NOT_RUN","NOT_RUN","NOT_RUN","NOT_RUN","NOT_RUN","NOT_RUN","NOT_RUN","NOT_RUN","NOT_RUN","NOT_RUN","NOT_RUN","NOT_RUN","NOT_RUN","NOT_RUN","NOT_RUN","NOT_RUN","NOT_RUN"
"C18","NOT_RUN","NOT_RUN","NOT_RUN","NOT_RUN","NOT_RUN","NOT_RUN","PASS","PASS","PASS","PASS","PASS","NOT_RUN","NOT_RUN","NOT_RUN","NOT_RUN","NOT_RUN","NOT_RUN","NOT_RUN","NOT_RUN","NOT_RUN","NOT_RUN","NOT_RUN","NOT_RUN","NOT_RUN","NOT_RUN","NOT_RUN","NOT_RUN","NOT_RUN","NOT_RUN","NOT_RUN","NOT_RUN","NOT_RUN","NOT_RUN","NOT_RUN","NOT_RUN","NOT_RUN","NOT_RUN","NOT_RUN","NOT_RUN","NOT_RUN"
"C19","NOT_RUN","NOT_RUN","NOT_RUN","NOT_RUN","NOT_RUN","NOT_RUN","PASS","PASS","PASS","PASS","PASS","NOT_RUN","NOT_RUN","NOT_RUN","NOT_RUN","NOT_RUN","NOT_RUN","NOT_RUN","NOT_RUN","NOT_RUN","NOT_RUN","NOT_RUN","NOT_RUN","NOT_RUN","NOT_RUN","NOT_RUN","NOT_RUN","NOT_RUN","NOT_RUN","NOT_RUN","NOT_RUN","NOT_RUN","NOT_RUN","NOT_RUN","NOT_RUN","NOT_RUN","NOT_RUN","NOT_RUN","NOT_RUN","NOT_RUN"
"C20","NOT_RUN","NOT_RUN","NOT_RUN","NOT_RUN","NOT_RUN","NOT_RUN","NOT_RUN","NOT_RUN","PASS","NOT_RUN","NOT_RUN","NOT_RUN","NOT_RUN","NOT_RUN","NOT_RUN","NOT_RUN","NOT_RUN","NOT_RUN","NOT_RUN","NOT_RUN","NOT_RUN","NOT_RUN","NOT_RUN","NOT_RUN","NOT_RUN","NOT_RUN","NOT_RUN","NOT_RUN","NOT_RUN","NOT_RUN","NOT_RUN","NOT_RUN","NOT_RUN","NOT_RUN","NOT_RUN","NOT_RUN","NOT_RUN","NOT_RUN","NOT_RUN","NOT_RUN"
"C21","NOT_RUN","NOT_RUN","NOT_RUN","NOT_RUN","NOT_RUN","NOT_RUN","NOT_RUN","NOT_RUN","NOT_RUN","FAIL","PASS","NOT_RUN","NOT_RUN","NOT_RUN","NOT_RUN","NOT_RUN","NOT_RUN","NOT_RUN","NOT_RUN","NOT_RUN","NOT_RUN","NOT_RUN","NOT_RUN","NOT_RUN","NOT_RUN","NOT_RUN","NOT_RUN","NOT_RUN","NOT_RUN","NOT_RUN","NOT_RUN","NOT_RUN","NOT_RUN","NOT_RUN","NOT_RUN","NOT_RUN","NOT_RUN","NOT_RUN","NOT_RUN","NOT_RUN"
"C22","NOT_RUN","NOT_RUN","NOT_RUN","NOT_RUN","NOT_RUN","NOT_RUN","NOT_RUN","NOT_RUN","NOT_RUN","PASS","PASS","NOT_RUN","NOT_RUN","NOT_RUN","NOT_RUN","NOT_RUN","NOT_RUN","NOT_RUN","NOT_RUN","NOT_RUN","NOT_RUN","NOT_RUN","NOT_RUN","NOT_RUN","NOT_RUN","NOT_RUN","NOT_RUN","NOT_RUN","NOT_RUN","NOT_RUN","NOT_RUN","NOT_RUN","NOT_RUN","NOT_RUN","NOT_RUN","NOT_RUN","NOT_RUN","NOT_RUN","NOT_RUN","NOT_RUN"
"C23","NOT_RUN","NOT_RUN","NOT_RUN","NOT_RUN","NOT_RUN","NOT_RUN","NOT_RUN","NOT_RUN","NOT_RUN","NOT_RUN","NOT_RUN","PASS","NOT_RUN","NOT_RUN","NOT_RUN","NOT_RUN","NOT_RUN","NOT_RUN","NOT_RUN","NOT_RUN","NOT_RUN","NOT_RUN","NOT_RUN","NOT_RUN","NOT_RUN","NOT_RUN","NOT_RUN","NOT_RUN","NOT_RUN","NOT_RUN","NOT_RUN","NOT_RUN","NOT_RUN","NOT_RUN","NOT_RUN","NOT_RUN","NOT_RUN","NOT_RUN","NOT_RUN","NOT_RUN"
"C24","NOT_RUN","NOT_RUN","NOT_RUN","NOT_RUN","NOT_RUN","NOT_RUN","NOT_RUN","NOT_RUN","NOT_RUN","NOT_RUN","NOT_RUN","NOT_RUN","PASS","NOT_RUN","NOT_RUN","NOT_RUN","NOT_RUN","NOT_RUN","NOT_RUN","NOT_RUN","NOT_RUN","NOT_RUN","NOT_RUN","NOT_RUN","NOT_RUN","NOT_RUN","NOT_RUN","NOT_RUN","NOT_RUN","NOT_RUN","NOT_RUN","NOT_RUN","NOT_RUN","NOT_RUN","NOT_RUN","NOT_RUN","NOT_RUN","NOT_RUN","NOT_RUN","NOT_RUN"
"C25","NOT_RUN","NOT_RUN","NOT_RUN","NOT_RUN","NOT_RUN","NOT_RUN","NOT_RUN","NOT_RUN","NOT_RUN","NOT_RUN","NOT_RUN","NOT_RUN","NOT_RUN","PASS","NOT_RUN","NOT_RUN","NOT_RUN","NOT_RUN","NOT_RUN","NOT_RUN","NOT_RUN","NOT_RUN","NOT_RUN","NOT_RUN","NOT_RUN","NOT_RUN","NOT_RUN","NOT_RUN","NOT_RUN","NOT_RUN","NOT_RUN","NOT_RUN","NOT_RUN","NOT_RUN","NOT_RUN","NOT_RUN","NOT_RUN","NOT_RUN","NOT_RUN","NOT_RUN"
"C26","NOT_RUN","NOT_RUN","NOT_RUN","NOT_RUN","NOT_RUN","NOT_RUN","NOT_RUN","NOT_RUN","NOT_RUN","NOT_RUN","NOT_RUN","NOT_RUN","NOT_RUN","NOT_RUN","PASS","NOT_RUN","NOT_RUN","NOT_RUN","NOT_RUN","NOT_RUN","NOT_RUN","NOT_RUN","NOT_RUN","NOT_RUN","NOT_RUN","NOT_RUN","NOT_RUN","NOT_RUN","NOT_RUN","NOT_RUN","NOT_RUN","NOT_RUN","NOT_RUN","NOT_RUN","NOT_RUN","NOT_RUN","NOT_RUN","NOT_RUN","NOT_RUN","NOT_RUN"
"C27","NOT_RUN","NOT_RUN","NOT_RUN","NOT_RUN","NOT_RUN","NOT_RUN","NOT_RUN","NOT_RUN","NOT_RUN","NOT_RUN","NOT_RUN","NOT_RUN","NOT_RUN","NOT_RUN","NOT_RUN","PASS","NOT_RUN","NOT_RUN","NOT_RUN","NOT_RUN","NOT_RUN","NOT_RUN","NOT_RUN","NOT_RUN","NOT_RUN","NOT_RUN","NOT_RUN","NOT_RUN","NOT_RUN","NOT_RUN","NOT_RUN","NOT_RUN","NOT_RUN","NOT_RUN","NOT_RUN","NOT_RUN","NOT_RUN","NOT_RUN","NOT_RUN","NOT_RUN"
"C28","NOT_RUN","NOT_RUN","NOT_RUN","NOT_RUN","NOT_RUN","NOT_RUN","NOT_RUN","NOT_RUN","NOT_RUN","NOT_RUN","NOT_RUN","NOT_RUN","NOT_RUN","NOT_RUN","NOT_RUN","NOT_RUN","PASS","NOT_RUN","NOT_RUN","NOT_RUN","NOT_RUN","NOT_RUN","NOT_RUN","NOT_RUN","NOT_RUN","NOT_RUN","NOT_RUN","NOT_RUN","NOT_RUN","NOT_RUN","NOT_RUN","NOT_RUN","NOT_RUN","NOT_RUN","NOT_RUN","NOT_RUN","NOT_RUN","NOT_RUN","NOT_RUN","NOT_RUN"
"C29","NOT_RUN","NOT_RUN","NOT_RUN","NOT_RUN","NOT_RUN","NOT_RUN","NOT_RUN","NOT_RUN","NOT_RUN","NOT_RUN","NOT_RUN","NOT_RUN","NOT_RUN","NOT_RUN","NOT_RUN","NOT_RUN","NOT_RUN","PASS","NOT_RUN","NOT_RUN","NOT_RUN","NOT_RUN","NOT_RUN","NOT_RUN","NOT_RUN","NOT_RUN","NOT_RUN","NOT_RUN","NOT_RUN","NOT_RUN","NOT_RUN","NOT_RUN","NOT_RUN","NOT_RUN","NOT_RUN","NOT_RUN","NOT_RUN","NOT_RUN","NOT_RUN","NOT_RUN"
"C30","NOT_RUN","NOT_RUN","NOT_RUN","NOT_RUN","NOT_RUN","NOT_RUN","NOT_RUN","NOT_RUN","NOT_RUN","NOT_RUN","NOT_RUN","NOT_RUN","NOT_RUN","NOT_RUN","NOT_RUN","NOT_RUN","NOT_RUN","NOT_RUN","PASS","NOT_RUN","PASS","NOT_RUN","NOT_RUN","NOT_RUN","NOT_RUN","NOT_RUN","NOT_RUN","NOT_RUN","NOT_RUN","NOT_RUN","NOT_RUN","FAIL","PASS","NOT_RUN","NOT_RUN","NOT_RUN","NOT_RUN","NOT_RUN","NOT_RUN","NOT_RUN"
"C31","NOT_RUN","NOT_RUN","NOT_RUN","NOT_RUN","NOT_RUN","NOT_RUN","NOT_RUN","NOT_RUN","NOT_RUN","NOT_RUN","NOT_RUN","NOT_RUN","NOT_RUN","NOT_RUN","NOT_RUN","NOT_RUN","NOT_RUN","NOT_RUN","NOT_RUN","FAIL","PASS","NOT_RUN","NOT_RUN","NOT_RUN","NOT_RUN","NOT_RUN","NOT_RUN","NOT_RUN","NOT_RUN","NOT_RUN","NOT_RUN","NOT_RUN","NOT_RUN","NOT_RUN","NOT_RUN","NOT_RUN","NOT_RUN","NOT_RUN","NOT_RUN","NOT_RUN"
"C32","NOT_RUN","NOT_RUN","NOT_RUN","NOT_RUN","NOT_RUN","NOT_RUN","NOT_RUN","NOT_RUN","NOT_RUN","NOT_RUN","NOT_RUN","NOT_RUN","NOT_RUN","NOT_RUN","NOT_RUN","NOT_RUN","NOT_RUN","NOT_RUN","PASS","NOT_RUN","PASS","NOT_RUN","NOT_RUN","NOT_RUN","NOT_RUN","NOT_RUN","NOT_RUN","NOT_RUN","NOT_RUN","NOT_RUN","NOT_RUN","NOT_RUN","NOT_RUN","NOT_RUN","NOT_RUN","NOT_RUN","NOT_RUN","NOT_RUN","NOT_RUN","NOT_RUN"
"C33","NOT_RUN","NOT_RUN","NOT_RUN","NOT_RUN","NOT_RUN","NOT_RUN","NOT_RUN","NOT_RUN","NOT_RUN","NOT_RUN","NOT_RUN","NOT_RUN","NOT_RUN","NOT_RUN","NOT_RUN","NOT_RUN","NOT_RUN","NOT_RUN","NOT_RUN","NOT_RUN","NOT_RUN","NOT_RUN","NOT_RUN","FAIL","NOT_RUN","NOT_RUN","FAIL","NOT_RUN","NOT_RUN","PASS","PASS","NOT_RUN","NOT_RUN","NOT_RUN","NOT_RUN","NOT_RUN","NOT_RUN","NOT_RUN","NOT_RUN","NOT_RUN"
"C34","NOT_RUN","NOT_RUN","NOT_RUN","NOT_RUN","NOT_RUN","NOT_RUN","NOT_RUN","NOT_RUN","NOT_RUN","NOT_RUN","NOT_RUN","NOT_RUN","NOT_RUN","NOT_RUN","NOT_RUN","NOT_RUN","NOT_RUN","NOT_RUN","NOT_RUN","NOT_RUN","NOT_RUN","NOT_RUN","NOT_RUN","FAIL","NOT_RUN","NOT_RUN","FAIL","FAIL","FAIL","FAIL","PASS","NOT_RUN","NOT_RUN","NOT_RUN","NOT_RUN","NOT_RUN","NOT_RUN","NOT_RUN","NOT_RUN","NOT_RUN"
"C35","NOT_RUN","NOT_RUN","NOT_RUN","NOT_RUN","NOT_RUN","NOT_RUN","NOT_RUN","NOT_RUN","NOT_RUN","NOT_RUN","NOT_RUN","NOT_RUN","NOT_RUN","NOT_RUN","NOT_RUN","NOT_RUN","NOT_RUN","NOT_RUN","NOT_RUN","NOT_RUN","NOT_RUN","NOT_RUN","PASS","NOT_RUN","NOT_RUN","NOT_RUN","NOT_RUN","NOT_RUN","NOT_RUN","NOT_RUN","NOT_RUN","NOT_RUN","NOT_RUN","NOT_RUN","NOT_RUN","NOT_RUN","NOT_RUN","NOT_RUN","NOT_RUN","NOT_RUN"
"C36","NOT_RUN","NOT_RUN","NOT_RUN","NOT_RUN","NOT_RUN","NOT_RUN","NOT_RUN","NOT_RUN","NOT_RUN","NOT_RUN","NOT_RUN","NOT_RUN","NOT_RUN","NOT_RUN","NOT_RUN","NOT_RUN","NOT_RUN","NOT_RUN","NOT_RUN","NOT_RUN","NOT_RUN","NOT_RUN","NOT_RUN","NOT_RUN","PASS","NOT_RUN","NOT_RUN","NOT_RUN","NOT_RUN","NOT_RUN","NOT_RUN","NOT_RUN","NOT_RUN","NOT_RUN","NOT_RUN","NOT_RUN","NOT_RUN","NOT_RUN","NOT_RUN","NOT_RUN"
"C37","NOT_RUN","NOT_RUN","NOT_RUN","NOT_RUN","NOT_RUN","NOT_RUN","NOT_RUN","NOT_RUN","NOT_RUN","NOT_RUN","NOT_RUN","NOT_RUN","NOT_RUN","NOT_RUN","NOT_RUN","NOT_RUN","NOT_RUN","NOT_RUN","NOT_RUN","NOT_RUN","NOT_RUN","NOT_RUN","NOT_RUN","NOT_RUN","PASS","NOT_RUN","NOT_RUN","NOT_RUN","NOT_RUN","NOT_RUN","NOT_RUN","NOT_RUN","NOT_RUN","NOT_RUN","NOT_RUN","NOT_RUN","NOT_RUN","NOT_RUN","NOT_RUN","NOT_RUN"
"C38","NOT_RUN","NOT_RUN","NOT_RUN","NOT_RUN","NOT_RUN","NOT_RUN","NOT_RUN","NOT_RUN","NOT_RUN","NOT_RUN","NOT_RUN","NOT_RUN","NOT_RUN","NOT_RUN","NOT_RUN","NOT_RUN","NOT_RUN","NOT_RUN","NOT_RUN","NOT_RUN","NOT_RUN","NOT_RUN","NOT_RUN","NOT_RUN","FAIL","PASS","NOT_RUN","NOT_RUN","NOT_RUN","NOT_RUN","NOT_RUN","NOT_RUN","NOT_RUN","NOT_RUN","NOT_RUN","NOT_RUN","NOT_RUN","NOT_RUN","NOT_RUN","NOT_RUN"
"C39","NOT_RUN","NOT_RUN","NOT_RUN","NOT_RUN","NOT_RUN","NOT_RUN","NOT_RUN","NOT_RUN","NOT_RUN","NOT_RUN","NOT_RUN","NOT_RUN","NOT_RUN","NOT_RUN","NOT_RUN","NOT_RUN","NOT_RUN","NOT_RUN","NOT_RUN","NOT_RUN","NOT_RUN","NOT_RUN","NOT_RUN","NOT_RUN","FAIL","PASS","NOT_RUN","NOT_RUN","NOT_RUN","NOT_RUN","NOT_RUN","NOT_RUN","NOT_RUN","NOT_RUN","NOT_RUN","NOT_RUN","NOT_RUN","NOT_RUN","NOT_RUN","NOT_RUN"
"C40","NOT_RUN","NOT_RUN","NOT_RUN","NOT_RUN","NOT_RUN","NOT_RUN","NOT_RUN","NOT_RUN","NOT_RUN","NOT_RUN","NOT_RUN","NOT_RUN","NOT_RUN","NOT_RUN","NOT_RUN","NOT_RUN","NOT_RUN","NOT_RUN","NOT_RUN","NOT_RUN","NOT_RUN","NOT_RUN","NOT_RUN","NOT_RUN","FAIL","PASS","NOT_RUN","NOT_RUN","NOT_RUN","NOT_RUN","NOT_RUN","NOT_RUN","NOT_RUN","NOT_RUN","NOT_RUN","NOT_RUN","NOT_RUN","NOT_RUN","NOT_RUN","NOT_RUN"
"C41","NOT_RUN","NOT_RUN","NOT_RUN","NOT_RUN","NOT_RUN","NOT_RUN","NOT_RUN","NOT_RUN","NOT_RUN","NOT_RUN","NOT_RUN","NOT_RUN","NOT_RUN","NOT_RUN","NOT_RUN","NOT_RUN","NOT_RUN","NOT_RUN","NOT_RUN","NOT_RUN","NOT_RUN","NOT_RUN","NOT_RUN","NOT_RUN","FAIL","PASS","NOT_RUN","NOT_RUN","NOT_RUN","NOT_RUN","NOT_RUN","NOT_RUN","NOT_RUN","NOT_RUN","NOT_RUN","NOT_RUN","NOT_RUN","NOT_RUN","NOT_RUN","NOT_RUN"
"C42","NOT_RUN","NOT_RUN","NOT_RUN","NOT_RUN","NOT_RUN","NOT_RUN","NOT_RUN","NOT_RUN","NOT_RUN","NOT_RUN","NOT_RUN","NOT_RUN","NOT_RUN","NOT_RUN","NOT_RUN","NOT_RUN","NOT_RUN","NOT_RUN","NOT_RUN","NOT_RUN","NOT_RUN","NOT_RUN","NOT_RUN","NOT_RUN","FAIL","PASS","NOT_RUN","NOT_RUN","NOT_RUN","NOT_RUN","NOT_RUN","NOT_RUN","NOT_RUN","NOT_RUN","NOT_RUN","NOT_RUN","NOT_RUN","NOT_RUN","NOT_RUN","NOT_RUN"
"C43","NOT_RUN","NOT_RUN","NOT_RUN","NOT_RUN","NOT_RUN","NOT_RUN","NOT_RUN","NOT_RUN","NOT_RUN","NOT_RUN","NOT_RUN","NOT_RUN","NOT_RUN","NOT_RUN","NOT_RUN","NOT_RUN","NOT_RUN","NOT_RUN","NOT_RUN","NOT_RUN","NOT_RUN","NOT_RUN","NOT_RUN","NOT_RUN","NOT_RUN","PASS","NOT_RUN","NOT_RUN","NOT_RUN","NOT_RUN","NOT_RUN","NOT_RUN","NOT_RUN","NOT_RUN","NOT_RUN","NOT_RUN","NOT_RUN","NOT_RUN","NOT_RUN","NOT_RUN"
"C44","NOT_RUN","NOT_RUN","NOT_RUN","NOT_RUN","NOT_RUN","NOT_RUN","NOT_RUN","NOT_RUN","NOT_RUN","NOT_RUN","NOT_RUN","NOT_RUN","NOT_RUN","NOT_RUN","NOT_RUN","NOT_RUN","NOT_RUN","NOT_RUN","NOT_RUN","NOT_RUN","NOT_RUN","NOT_RUN","NOT_RUN","NOT_RUN","NOT_RUN","PASS","NOT_RUN","NOT_RUN","NOT_RUN","NOT_RUN","NOT_RUN","NOT_RUN","NOT_RUN","NOT_RUN","NOT_RUN","NOT_RUN","NOT_RUN","NOT_RUN","NOT_RUN","NOT_RUN"
"C45","NOT_RUN","NOT_RUN","NOT_RUN","NOT_RUN","NOT_RUN","NOT_RUN","NOT_RUN","NOT_RUN","NOT_RUN","NOT_RUN","NOT_RUN","NOT_RUN","NOT_RUN","NOT_RUN","NOT_RUN","NOT_RUN","NOT_RUN","NOT_RUN","NOT_RUN","NOT_RUN","NOT_RUN","NOT_RUN","NOT_RUN","NOT_RUN","NOT_RUN","PASS","NOT_RUN","NOT_RUN","NOT_RUN","NOT_RUN","NOT_RUN","NOT_RUN","NOT_RUN","NOT_RUN","NOT_RUN","NOT_RUN","NOT_RUN","NOT_RUN","NOT_RUN","NOT_RUN"
"C46","NOT_RUN","NOT_RUN","NOT_RUN","NOT_RUN","NOT_RUN","NOT_RUN","NOT_RUN","NOT_RUN","NOT_RUN","NOT_RUN","NOT_RUN","NOT_RUN","NOT_RUN","NOT_RUN","NOT_RUN","NOT_RUN","NOT_RUN","NOT_RUN","NOT_RUN","NOT_RUN","NOT_RUN","NOT_RUN","NOT_RUN","NOT_RUN","NOT_RUN","PASS","NOT_RUN","NOT_RUN","NOT_RUN","NOT_RUN","NOT_RUN","NOT_RUN","NOT_RUN","NOT_RUN","NOT_RUN","NOT_RUN","NOT_RUN","NOT_RUN","NOT_RUN","NOT_RUN"
"C47","NOT_RUN","NOT_RUN","NOT_RUN","NOT_RUN","NOT_RUN","NOT_RUN","NOT_RUN","NOT_RUN","NOT_RUN","NOT_RUN","NOT_RUN","NOT_RUN","NOT_RUN","NOT_RUN","NOT_RUN","NOT_RUN","NOT_RUN","NOT_RUN","NOT_RUN","NOT_RUN","NOT_RUN","NOT_RUN","NOT_RUN","NOT_RUN","NOT_RUN","PASS","NOT_RUN","NOT_RUN","NOT_RUN","NOT_RUN","NOT_RUN","NOT_RUN","NOT_RUN","NOT_RUN","NOT_RUN","NOT_RUN","NOT_RUN","NOT_RUN","NOT_RUN","NOT_RUN"
"C48","NOT_RUN","NOT_RUN","NOT_RUN","NOT_RUN","NOT_RUN","NOT_RUN","NOT_RUN","NOT_RUN","NOT_RUN","NOT_RUN","NOT_RUN","NOT_RUN","NOT_RUN","NOT_RUN","NOT_RUN","NOT_RUN","NOT_RUN","NOT_RUN","NOT_RUN","NOT_RUN","NOT_RUN","NOT_RUN","NOT_RUN","NOT_RUN","NOT_RUN","NOT_RUN","NOT_RUN","NOT_RUN","NOT_RUN","NOT_RUN","NOT_RUN","NOT_RUN","NOT_RUN","FAIL","NOT_RUN","PASS","NOT_RUN","NOT_RUN","NOT_RUN","NOT_RUN"
"C49","NOT_RUN","NOT_RUN","NOT_RUN","NOT_RUN","NOT_RUN","NOT_RUN","NOT_RUN","NOT_RUN","NOT_RUN","NOT_RUN","NOT_RUN","NOT_RUN","NOT_RUN","NOT_RUN","NOT_RUN","NOT_RUN","NOT_RUN","NOT_RUN","NOT_RUN","NOT_RUN","NOT_RUN","NOT_RUN","NOT_RUN","NOT_RUN","NOT_RUN","NOT_RUN","NOT_RUN","NOT_RUN","NOT_RUN","NOT_RUN","NOT_RUN","NOT_RUN","NOT_RUN","FAIL","NOT_RUN","PASS","NOT_RUN","NOT_RUN","NOT_RUN","NOT_RUN"
"C50","NOT_RUN","NOT_RUN","NOT_RUN","NOT_RUN","NOT_RUN","NOT_RUN","NOT_RUN","NOT_RUN","NOT_RUN","NOT_RUN","NOT_RUN","NOT_RUN","NOT_RUN","NOT_RUN","NOT_RUN","NOT_RUN","NOT_RUN","NOT_RUN","NOT_RUN","NOT_RUN","NOT_RUN","NOT_RUN","NOT_RUN","NOT_RUN","NOT_RUN","NOT_RUN","NOT_RUN","NOT_RUN","NOT_RUN","NOT_RUN","NOT_RUN","NOT_RUN","NOT_RUN","FAIL","NOT_RUN","PASS","NOT_RUN","NOT_RUN","NOT_RUN","NOT_RUN"
"C51","NOT_RUN","NOT_RUN","NOT_RUN","NOT_RUN","NOT_RUN","NOT_RUN","NOT_RUN","NOT_RUN","NOT_RUN","NOT_RUN","NOT_RUN","NOT_RUN","NOT_RUN","NOT_RUN","NOT_RUN","NOT_RUN","NOT_RUN","NOT_RUN","NOT_RUN","NOT_RUN","NOT_RUN","NOT_RUN","NOT_RUN","NOT_RUN","NOT_RUN","NOT_RUN","NOT_RUN","NOT_RUN","NOT_RUN","NOT_RUN","NOT_RUN","NOT_RUN","NOT_RUN","PASS","NOT_RUN","PASS","NOT_RUN","NOT_RUN","NOT_RUN","NOT_RUN"
"C52","NOT_RUN","NOT_RUN","NOT_RUN","NOT_RUN","NOT_RUN","NOT_RUN","NOT_RUN","NOT_RUN","NOT_RUN","NOT_RUN","NOT_RUN","NOT_RUN","NOT_RUN","NOT_RUN","NOT_RUN","NOT_RUN","NOT_RUN","NOT_RUN","NOT_RUN","NOT_RUN","NOT_RUN","NOT_RUN","NOT_RUN","NOT_RUN","NOT_RUN","NOT_RUN","NOT_RUN","NOT_RUN","NOT_RUN","NOT_RUN","NOT_RUN","NOT_RUN","NOT_RUN","PASS","NOT_RUN","PASS","NOT_RUN","NOT_RUN","NOT_RUN","NOT_RUN"
"C53","NOT_RUN","NOT_RUN","NOT_RUN","NOT_RUN","NOT_RUN","NOT_RUN","NOT_RUN","NOT_RUN","NOT_RUN","NOT_RUN","NOT_RUN","NOT_RUN","NOT_RUN","NOT_RUN","NOT_RUN","NOT_RUN","NOT_RUN","NOT_RUN","NOT_RUN","NOT_RUN","NOT_RUN","NOT_RUN","NOT_RUN","NOT_RUN","NOT_RUN","NOT_RUN","NOT_RUN","NOT_RUN","NOT_RUN","NOT_RUN","NOT_RUN","NOT_RUN","NOT_RUN","NOT_RUN","PASS","NOT_RUN","NOT_RUN","NOT_RUN","NOT_RUN","NOT_RUN"
"C54","NOT_RUN","NOT_RUN","NOT_RUN","NOT_RUN","NOT_RUN","NOT_RUN","NOT_RUN","NOT_RUN","NOT_RUN","NOT_RUN","NOT_RUN","NOT_RUN","NOT_RUN","NOT_RUN","NOT_RUN","NOT_RUN","NOT_RUN","NOT_RUN","NOT_RUN","NOT_RUN","NOT_RUN","NOT_RUN","NOT_RUN","NOT_RUN","NOT_RUN","NOT_RUN","NOT_RUN","NOT_RUN","NOT_RUN","NOT_RUN","NOT_RUN","NOT_RUN","NOT_RUN","NOT_RUN","NOT_RUN","PASS","NOT_RUN","NOT_RUN","NOT_RUN","NOT_RUN"
"C55","NOT_RUN","NOT_RUN","NOT_RUN","NOT_RUN","NOT_RUN","NOT_RUN","NOT_RUN","NOT_RUN","NOT_RUN","NOT_RUN","NOT_RUN","NOT_RUN","NOT_RUN","NOT_RUN","NOT_RUN","NOT_RUN","NOT_RUN","NOT_RUN","NOT_RUN","NOT_RUN","NOT_RUN","NOT_RUN","NOT_RUN","NOT_RUN","NOT_RUN","NOT_RUN","NOT_RUN","NOT_RUN","NOT_RUN","NOT_RUN","NOT_RUN","NOT_RUN","NOT_RUN","NOT_RUN","NOT_RUN","PASS","NOT_RUN","NOT_RUN","NOT_RUN","NOT_RUN"
"C56","NOT_RUN","NOT_RUN","NOT_RUN","NOT_RUN","NOT_RUN","NOT_RUN","NOT_RUN","NOT_RUN","NOT_RUN","NOT_RUN","NOT_RUN","NOT_RUN","NOT_RUN","NOT_RUN","NOT_RUN","NOT_RUN","NOT_RUN","NOT_RUN","NOT_RUN","NOT_RUN","NOT_RUN","NOT_RUN","NOT_RUN","NOT_RUN","NOT_RUN","NOT_RUN","NOT_RUN","NOT_RUN","NOT_RUN","NOT_RUN","NOT_RUN","NOT_RUN","NOT_RUN","NOT_RUN","NOT_RUN","PASS","NOT_RUN","NOT_RUN","NOT_RUN","NOT_RUN"
"C57","NOT_RUN","NOT_RUN","NOT_RUN","NOT_RUN","NOT_RUN","NOT_RUN","NOT_RUN","NOT_RUN","NOT_RUN","NOT_RUN","NOT_RUN","NOT_RUN","NOT_RUN","NOT_RUN","NOT_RUN","NOT_RUN","NOT_RUN","NOT_RUN","NOT_RUN","NOT_RUN","NOT_RUN","NOT_RUN","NOT_RUN","NOT_RUN","NOT_RUN","NOT_RUN","NOT_RUN","NOT_RUN","NOT_RUN","NOT_RUN","NOT_RUN","NOT_RUN","NOT_RUN","NOT_RUN","NOT_RUN","NOT_RUN","FAIL","PASS","NOT_RUN","NOT_RUN"
"C58","NOT_RUN","NOT_RUN","NOT_RUN","NOT_RUN","NOT_RUN","NOT_RUN","NOT_RUN","NOT_RUN","NOT_RUN","NOT_RUN","NOT_RUN","NOT_RUN","NOT_RUN","NOT_RUN","NOT_RUN","NOT_RUN","NOT_RUN","NOT_RUN","NOT_RUN","NOT_RUN","NOT_RUN","NOT_RUN","NOT_RUN","NOT_RUN","NOT_RUN","NOT_RUN","NOT_RUN","NOT_RUN","NOT_RUN","NOT_RUN","NOT_RUN","NOT_RUN","NOT_RUN","NOT_RUN","NOT_RUN","NOT_RUN","NOT_RUN","PASS","NOT_RUN","NOT_RUN"
"C59","NOT_RUN","NOT_RUN","NOT_RUN","NOT_RUN","NOT_RUN","NOT_RUN","NOT_RUN","NOT_RUN","NOT_RUN","NOT_RUN","NOT_RUN","NOT_RUN","NOT_RUN","NOT_RUN","NOT_RUN","NOT_RUN","NOT_RUN","NOT_RUN","NOT_RUN","NOT_RUN","NOT_RUN","NOT_RUN","NOT_RUN","NOT_RUN","NOT_RUN","NOT_RUN","NOT_RUN","NOT_RUN","NOT_RUN","NOT_RUN","NOT_RUN","NOT_RUN","NOT_RUN","NOT_RUN","NOT_RUN","NOT_RUN","NOT_RUN","PASS","NOT_RUN","NOT_RUN"
"C60","NOT_RUN","NOT_RUN","NOT_RUN","NOT_RUN","NOT_RUN","NOT_RUN","NOT_RUN","NOT_RUN","NOT_RUN","NOT_RUN","NOT_RUN","NOT_RUN","NOT_RUN","NOT_RUN","NOT_RUN","NOT_RUN","NOT_RUN","NOT_RUN","NOT_RUN","NOT_RUN","NOT_RUN","NOT_RUN","NOT_RUN","NOT_RUN","NOT_RUN","NOT_RUN","NOT_RUN","NOT_RUN","NOT_RUN","NOT_RUN","NOT_RUN","NOT_RUN","NOT_RUN","NOT_RUN","NOT_RUN","NOT_RUN","NOT_RUN","FAIL","NOT_RUN","NOT_RUN"
"C61","NOT_RUN","NOT_RUN","NOT_RUN","NOT_RUN","NOT_RUN","NOT_RUN","NOT_RUN","NOT_RUN","NOT_RUN","NOT_RUN","NOT_RUN","NOT_RUN","NOT_RUN","NOT_RUN","NOT_RUN","NOT_RUN","NOT_RUN","NOT_RUN","NOT_RUN","NOT_RUN","NOT_RUN","NOT_RUN","NOT_RUN","NOT_RUN","NOT_RUN","NOT_RUN","NOT_RUN","NOT_RUN","NOT_RUN","NOT_RUN","NOT_RUN","NOT_RUN","NOT_RUN","NOT_RUN","NOT_RUN","NOT_RUN","NOT_RUN","NOT_RUN","PASS","PASS"
"C62","NOT_RUN","NOT_RUN","NOT_RUN","NOT_RUN","NOT_RUN","NOT_RUN","NOT_RUN","NOT_RUN","NOT_RUN","NOT_RUN","NOT_RUN","NOT_RUN","NOT_RUN","NOT_RUN","NOT_RUN","NOT_RUN","NOT_RUN","NOT_RUN","NOT_RUN","NOT_RUN","NOT_RUN","NOT_RUN","NOT_RUN","NOT_RUN","NOT_RUN","NOT_RUN","NOT_RUN","NOT_RUN","NOT_RUN","NOT_RUN","NOT_RUN","NOT_RUN","NOT_RUN","NOT_RUN","NOT_RUN","NOT_RUN","NOT_RUN","NOT_RUN","PASS","PASS"
"C63","NOT_RUN","NOT_RUN","NOT_RUN","NOT_RUN","NOT_RUN","NOT_RUN","NOT_RUN","NOT_RUN","NOT_RUN","NOT_RUN","NOT_RUN","NOT_RUN","NOT_RUN","NOT_RUN","NOT_RUN","NOT_RUN","NOT_RUN","NOT_RUN","NOT_RUN","NOT_RUN","NOT_RUN","NOT_RUN","NOT_RUN","NOT_RUN","NOT_RUN","NOT_RUN","NOT_RUN","NOT_RUN","NOT_RUN","NOT_RUN","NOT_RUN","NOT_RUN","NOT_RUN","NOT_RUN","NOT_RUN","NOT_RUN","NOT_RUN","NOT_RUN","NOT_RUN","PASS"
"C64","NOT_RUN","NOT_RUN","NOT_RUN","NOT_RUN","NOT_RUN","NOT_RUN","NOT_RUN","NOT_RUN","NOT_RUN","NOT_RUN","NOT_RUN","NOT_RUN","NOT_RUN","NOT_RUN","NOT_RUN","NOT_RUN","NOT_RUN","NOT_RUN","NOT_RUN","NOT_RUN","NOT_RUN","NOT_RUN","NOT_RUN","NOT_RUN","NOT_RUN","NOT_RUN","NOT_RUN","NOT_RUN","NOT_RUN","NOT_RUN","NOT_RUN","NOT_RUN","NOT_RUN","NOT_RUN","NOT_RUN","NOT_RUN","NOT_RUN","NOT_RUN","NOT_RUN","PASS"
"C65","NOT_RUN","NOT_RUN","NOT_RUN","NOT_RUN","NOT_RUN","NOT_RUN","NOT_RUN","NOT_RUN","NOT_RUN","NOT_RUN","NOT_RUN","NOT_RUN","NOT_RUN","NOT_RUN","NOT_RUN","NOT_RUN","NOT_RUN","NOT_RUN","NOT_RUN","NOT_RUN","NOT_RUN","NOT_RUN","NOT_RUN","NOT_RUN","NOT_RUN","NOT_RUN","NOT_RUN","NOT_RUN","NOT_RUN","NOT_RUN","NOT_RUN","NOT_RUN","NOT_RUN","NOT_RUN","NOT_RUN","NOT_RUN","NOT_RUN","NOT_RUN","NOT_RUN","PASS"
"C66","NOT_RUN","NOT_RUN","NOT_RUN","NOT_RUN","NOT_RUN","NOT_RUN","NOT_RUN","NOT_RUN","NOT_RUN","NOT_RUN","NOT_RUN","NOT_RUN","NOT_RUN","NOT_RUN","NOT_RUN","NOT_RUN","NOT_RUN","NOT_RUN","NOT_RUN","NOT_RUN","NOT_RUN","NOT_RUN","NOT_RUN","NOT_RUN","NOT_RUN","NOT_RUN","NOT_RUN","NOT_RUN","NOT_RUN","NOT_RUN","NOT_RUN","NOT_RUN","NOT_RUN","NOT_RUN","NOT_RUN","NOT_RUN","NOT_RUN","NOT_RUN","FAIL","PASS"
